Tilda UID;Brand;SKU;Mark;Category;Title;Description;Text;Photo;Price;Quantity;Price Old;Editions;Modifications;External ID;Parent UID;Characteristics:Применение;Characteristics:Аналоги;Characteristics:Материал;Characteristics:d / l;Characteristics:lt;Characteristics:s;Characteristics:k;Characteristics:Привод;Characteristics:dk;Characteristics:lb;Characteristics:XX;Characteristics:1;Characteristics:Диаметр резьбы;Characteristics:L1 (длина кронштейна);Weight;Length;Width;Height;SEO title;SEO descr;SEO keywords;FB title;FB descr
427410080171;;DIN 7976;;Саморезы;DIN 7976 Саморез остроконечный с шестигранной головкой;;;https://static.tildacdn.com/stor6632-6636-4431-b462-646537336333/83754217.png;0;;;;;BX7xxDu4aeknshKZB3Tn;;Крепление прижимной планки;1556;A2, А4, DP, Zn;;;;;;;;;;;;0;0;0;0;Август | Купить DIN 7976 Саморез остроконечный с шестигранной головкой;Крепление прижимной планки1556A2, А4, DP, Zn | Доставка 3 дня! ✆ +7 (343) 361 61-31 ✆ +7 (901) 220 02-65 ✆ +7 (902) 87-150-86 ЖМИТЕ!;Купить саморезы, болты, винты, гайки, заклепки, кронштейны, нагель, шайбы, шпильки, nord-lock, крепежи, крепежные изделия, metrix;;
473752127201;;;;Нагель;Штифт - нагель (с фаской и углублением) 5*10 А2;Единственная на рынке позиция c отверстием под нагелезабойник.;Единственная на рынке позиция c отверстием под нагелезабойник.;https://static.tildacdn.com/stor3038-3563-4131-b239-383139326166/93911849.png;;;;;Скидки от объема:При заказе от 50 000 шт - цена 2,90 руб/шт;F3A1GE0cRDusBjOlISe8;;Крепление угловых и импостовых соединений окон и дверей;;A2;;;;;;;;;;;;;;;;Август | Купить Штифт - нагель (с фаской и углублением) М5*10 А2;Единственная на рынке позиция c отверстием под нагелезабойник.Крепление угловых и импостовых соединений окон и дверейнет аналоговA2 | Доставка 3 дня! ✆ +7 (343) 361 61-31 ✆ +7 (901) 220 02-65 ✆ +7 (902) 87-150-86 ЖМИТЕ!;Купить саморезы, болты, винты, гайки, заклепки, кронштейны, нагель, шайбы, шпильки, nord-lock, крепежи, крепежные изделия, metrix;;
412623604281;;1015;;;Штифт - нагель (с фаской и углублением) М5*10 А2 - 5х10 А2 уп 100 шт;;;;0;;;1015:5х10 А2 уп 100 шт;;bLs6zS6VA5hmojtj9Y3l;473752127201;;;;;;;;;;;;;;;0;0;0;0;;;;;
878213110111;;1556;;"Саморезы;Фасадный крепёж";1556 DP Саморез остроконечный с шестигранной головкой с приводом ТХ (неполнорезьбовой);;Форма головки самореза позволяет использовать наружный и внутренний привод. Исключает проворачиваемость самореза при монтаже.;https://static.tildacdn.com/stor3135-3063-4435-b062-316238376232/24336884.png;0;;;;;3HHKKp7G3vLJHzUkSzd9;;крепление прижимной планки;DIN7976, DIN7981;Цинк-ламельное покрытие DP;5,5;16;8;4;ТХ25;;;;;;;0;0;0;0;Август | Купить 1556 5,5х70 DP Саморез остроконечный с шестигранной головкой с приводом ТХ (неполнорезьбовой);Форма головки самореза позволяет использовать наружный и внутренний привод. Исключает проворачиваемость самореза при монтаже.Цинк-ламельное покрытие DP | Доставка 3 дня! ✆ +7 (343) 361 61-31 ✆ +7 (901) 220 02-65 ✆ +7 (902) 87-150-86 ЖМИТЕ!;Купить саморезы, болты, винты, гайки, заклепки, кронштейны, нагель, шайбы, шпильки, nord-lock, крепежи, крепежные изделия, metrix;;
635017651451;;DIN 7981;;"Саморезы;Фасадный крепёж";DIN 7981 Саморез остроконечный с полукруглой головкой;;Крепление ригеля к закладной и крепление порогов дверей (d 3,9).Крепление ригеля к закладной (d 4,2).Крепление закладной ригеля к стойке (d 4,8).Крепление прижимной планки (d 5,5).;https://static.tildacdn.com/stor6563-3437-4163-b965-623730343435/70525001.png;0;;;;;kJTx02GuGirr5z1O85Fp;;;1556;A2, A4, DP, Zn;;;;;;;;;;;;0;0;0;0;Август | Купить DIN 7981 Саморез остроконечный с полукруглой головкой;Крепление ригеля к закладной и крепление порогов дверей (d 3,9).Крепление ригеля к закладной (d 4,2).Крепление закладной ригеля к стойке (d 4,8).Крепление прижимной планки (d 5,5).1556A2, A4, DP, Zn | Доставка 3 дня! ✆ +7 (343) 361 61-31 ✆ +7 (901) 220 02-65 ✆ +7 (902) 87-150-86 ЖМИТЕ!;Купить саморезы, болты, винты, гайки, заклепки, кронштейны, нагель, шайбы, шпильки, nord-lock, крепежи, крепежные изделия, metrix;;
424250199351;;DIN 7982;;"Саморезы;Фасадный крепёж";DIN 7982 Саморез остроконечный с потайной головкой;;Крепление ригеля к закладной и крепление порогов дверей (d 3,9).Крепление ригеля к закладной (d 4,2).Крепление прижимной планки (d 5,5).;https://static.tildacdn.com/stor3338-3833-4438-b562-666232323536/30716429.png;0;;;;;oa9IK6I59fBMazrusaZ1;;;A2, A4, DP, Zn;A2, A4, DP, Zn;;;;;;;;;;;;0;0;0;0;Август | Купить DIN 7982 Саморез остроконечный с потайной головкой;Крепление ригеля к закладной и крепление порогов дверей (d 3,9).Крепление ригеля к закладной (d 4,2).Крепление прижимной планки (d 5,5).A2, A4, DP, Zn | Доставка 3 дня! ✆ +7 (343) 361 61-31 ✆ +7 (901) 220 02-65 ✆ +7 (902) 87-150-86 ЖМИТЕ!;Купить саморезы, болты, винты, гайки, заклепки, кронштейны, нагель, шайбы, шпильки, nord-lock, крепежи, крепежные изделия, metrix;;
290368823251;;DIN 7504 K;DIN 7504 K;"Саморезы;Фасадный крепёж";DIN 7504 К Саморез сверлоконечный с шестигранной головкой;;шестигранник с прессшайбойDIN 7504 K;https://static.tildacdn.com/stor3635-3031-4439-b732-386536613631/13005831.png;0;;;;;6jtgBpk03oLa96c1YmE3;;;;A2, A4, DP, Zn;;;;;;;;;;;;0;0;0;0;Август | Купить DIN 7504 К Саморез сверлоконечный с шестигранной головкой;шестигранник с прессшайбойDIN 7504 KA2, A4, DP, Zn | Доставка 3 дня! ✆ +7 (343) 361 61-31 ✆ +7 (901) 220 02-65 ✆ +7 (902) 87-150-86 ЖМИТЕ!;Купить саморезы, болты, винты, гайки, заклепки, кронштейны, нагель, шайбы, шпильки, nord-lock, крепежи, крепежные изделия, metrix;;
512554737521;;DIN 7504 N;DIN 7504 N;"Саморезы;Фасадный крепёж";DIN 7504 N Саморез сверлоконечный с полукруглой головкой;;DIN 7504 N;https://static.tildacdn.com/stor6537-3936-4965-b737-656337336464/45362042.png;0;;;;;9LH3soMGSemo14GXYJ9c;;;;A2, A4, DP, Zn;;;;;;;;;;;;0;0;0;0;Август | Купить DIN 7504 N Саморез сверлоконечный с полукруглой головкой;DIN 7504 NA2, A4, DP, Zn | Доставка 3 дня! ✆ +7 (343) 361 61-31 ✆ +7 (901) 220 02-65 ✆ +7 (902) 87-150-86 ЖМИТЕ!;Купить саморезы, болты, винты, гайки, заклепки, кронштейны, нагель, шайбы, шпильки, nord-lock, крепежи, крепежные изделия, metrix;;
862063321901;;DIN 7504 P;DIN 7504 P;"Саморезы;Фасадный крепёж";DIN 7504 P Саморез сверлоконечный с потайной головкой;;DIN 7504 P;https://static.tildacdn.com/stor3162-3666-4231-b061-636166373865/11757698.png;0;;;;;0U7eieB3NGsu57e2Ldgz;;;;A2, A4, DP, Zn;;;;;;;;;;;;0;0;0;0;Август | Купить DIN 7504 P Саморез сверлоконечный с потайной головкой;DIN 7504 PA2, A4, DP, Zn | Доставка 3 дня! ✆ +7 (343) 361 61-31 ✆ +7 (901) 220 02-65 ✆ +7 (902) 87-150-86 ЖМИТЕ!;Купить саморезы, болты, винты, гайки, заклепки, кронштейны, нагель, шайбы, шпильки, nord-lock, крепежи, крепежные изделия, metrix;;
474101031671;;DIN 931;DIN 931;Болты;DIN 931 Болт с шестигранной головкой (неполная резьба);;DIN 931;https://static.tildacdn.com/stor3663-3561-4261-a636-646333343034/48909499.png;0;;;;;oLLcVCVMa8IriIhI2Npj;;;;A2, A4, DP, Zn;;;;;;;;;;;;0;0;0;0;Август | Купить DIN 931 Болт с шестигранной головкой (неполная резьба);DIN 931A2, A4, DP, Zn | Доставка 3 дня! ✆ +7 (343) 361 61-31 ✆ +7 (901) 220 02-65 ✆ +7 (902) 87-150-86 ЖМИТЕ!;Купить саморезы, болты, винты, гайки, заклепки, кронштейны, нагель, шайбы, шпильки, nord-lock, крепежи, крепежные изделия, metrix;;
280803773191;;DIN 933;DIN 933;Болты;DIN 933 Болт с шестигранной головкой (полная резьба);;DIN 933;https://static.tildacdn.com/stor3762-3330-4538-b132-663231386434/61745524.png;0;;;;;S2Hm11UAX5hKD3nc0CxB;;;;A2, A4, DP, Zn;;;;;;;;;;;;0;0;0;0;Август | Купить DIN 933 Болт с шестигранной головкой (полная резьба);DIN 933A2, A4, DP, Zn | Доставка 3 дня! ✆ +7 (343) 361 61-31 ✆ +7 (901) 220 02-65 ✆ +7 (902) 87-150-86 ЖМИТЕ!;Купить саморезы, болты, винты, гайки, заклепки, кронштейны, нагель, шайбы, шпильки, nord-lock, крепежи, крепежные изделия, metrix;;
722624964621;;DIN 32501;DIN 32501;Шпильки;Шпилька приварная;;DIN 32501;https://static.tildacdn.com/stor3166-6365-4631-b933-316164353462/88160877.png;0;;;;;66uib80YcvFHOIJIuY7e;;;;A2;;;;;;;;;;;;0;0;0;0;Август | Купить Шпилька приварная;DIN 32501A2 | Доставка 3 дня! ✆ +7 (343) 361 61-31 ✆ +7 (901) 220 02-65 ✆ +7 (902) 87-150-86 ЖМИТЕ!;Купить саморезы, болты, винты, гайки, заклепки, кронштейны, нагель, шайбы, шпильки, nord-lock, крепежи, крепежные изделия, metrix;;
731143271411;;DIN 913;DIN 913;Винты установочные;DIN 913 Винт установочный с плоским концом (внутренний шестигранник);DIN 913;DIN 913;https://static.tildacdn.com/stor6636-6538-4238-b766-353462656664/84260872.png;0;;;;;TxVAzGDt84iE0xAc3460;;;;A2, A4, DP, Zn;;;;;;;;;;;;;;;;Август | Купить DIN 913 Винт установочный с плоским концом (внутренний шестигранник);DIN 913A2, A4,Zn | Доставка 3 дня! ✆ +7 (343) 361 61-31 ✆ +7 (901) 220 02-65 ✆ +7 (902) 87-150-86 ЖМИТЕ!;Купить саморезы, болты, винты, гайки, заклепки, кронштейны, нагель, шайбы, шпильки, nord-lock, крепежи, крепежные изделия, metrix;;
778741350931;;DIN 914;DIN 914;Винты установочные;DIN 914 Винт установочный с острым концом (внутренний шестигранник);DIN 914;DIN 914;https://static.tildacdn.com/stor6432-3635-4035-b764-336437653566/19182905.png;0;;;;;mu01cnl5nEA41gt4FitM;;;;A2, A4, DP, Zn;;;;;;;;;;;;;;;;Август | Купить DIN 914 Винт установочный с острым концом (внутренний шестигранник);DIN 914A2, A4,Zn | Доставка 3 дня! ✆ +7 (343) 361 61-31 ✆ +7 (901) 220 02-65 ✆ +7 (902) 87-150-86 ЖМИТЕ!;Купить саморезы, болты, винты, гайки, заклепки, кронштейны, нагель, шайбы, шпильки, nord-lock, крепежи, крепежные изделия, metrix;;
489691258481;;DIN 915;DIN 915;Винты установочные;DIN 915 Винт установочный с цилиндрическим концом (цапфой), (внутренний шестигранник);DIN 915;DIN 915;https://static.tildacdn.com/stor6164-3561-4438-a632-326532376636/13443664.png;0;;;;;jM9AEGjS8E5T9TkPvouV;;;;A2, A4, DP, Zn;;;;;;;;;;;;;;;;Август | Купить DIN 915 Винт установочный с цилиндрическим концом (цапфой), (внутренний шестигранник);DIN 915A2, A4,Zn | Доставка 3 дня! ✆ +7 (343) 361 61-31 ✆ +7 (901) 220 02-65 ✆ +7 (902) 87-150-86 ЖМИТЕ!;Купить саморезы, болты, винты, гайки, заклепки, кронштейны, нагель, шайбы, шпильки, nord-lock, крепежи, крепежные изделия, metrix;;
565059995561;;DIN 934;DIN 934;Гайки;DIN 934 Гайка шестигранная;;DIN 934;https://static.tildacdn.com/stor3362-3836-4433-a130-393234313836/84922322.png;0;;;;;vEPJMJmpcnKl48CjUHgM;;;;А2, А4, Zn, DP;;;;;;;;;;;;0;0;0;0;Август | Купить DIN 934 Гайка шестигранная;DIN 934А2, А4, Zn, DP | Доставка 3 дня! ✆ +7 (343) 361 61-31 ✆ +7 (901) 220 02-65 ✆ +7 (902) 87-150-86 ЖМИТЕ!;Купить саморезы, болты, винты, гайки, заклепки, кронштейны, нагель, шайбы, шпильки, nord-lock, крепежи, крепежные изделия, metrix;;
546329434861;;DIN 7337;;Заклепки;DIN 7337 Заклёпка вытяжная;;;https://static.tildacdn.com/stor6661-3633-4132-a666-333339616564/69910892.png;0;;;;;iOmLKCLGAfz85OOTvbJj;;;;A2/Al;;;;;;;;;;;;;;;;Август | Купить DIN 7337 Заклёпка вытяжная / 5,0х12 А2/А2- 5,0х12 А2/А2;| Доставка 3 дня! ✆ +7 (343) 361 61-31 ✆ +7 (901) 220 02-65 ✆ +7 (902) 87-150-86 ЖМИТЕ!;Купить саморезы, болты, винты, гайки, заклепки, кронштейны, нагель, шайбы, шпильки, nord-lock, крепежи, крепежные изделия, metrix;;
566616434691;;DIN 985;DIN 985;Гайки;DIN 985 Гайка шестигранная самоконтрящаяся с нейлоновым кольцом;;DIN 985;https://static.tildacdn.com/stor3930-3231-4261-b632-623664313462/69096084.png;0;;;;;HG6z7aSxZ59xMjYDljRn;;;;А2, А4, Zn;;;;;;;;;;;;0;0;0;0;Август | Купить DIN 985 Гайка шестигранная самоконтрящаяся с нейлоновым кольцом;DIN 985А2, А4, Zn | Доставка 3 дня! ✆ +7 (343) 361 61-31 ✆ +7 (901) 220 02-65 ✆ +7 (902) 87-150-86 ЖМИТЕ!;Купить саморезы, болты, винты, гайки, заклепки, кронштейны, нагель, шайбы, шпильки, nord-lock, крепежи, крепежные изделия, metrix;;
543673937391;;DIN 980;DIN 980;Гайки;DIN 980 Гайка шестигранная самоконтрящаяся;;DIN 980;https://static.tildacdn.com/stor6433-6365-4262-b534-336537373433/46350709.png;0;;;;;ALgZLJNEJRfB0XGjnRvh;;;;А2, А4, Zn.;;;;;;;;;;;;0;0;0;0;Август | Купить DIN 980 Гайка шестигранная самоконтрящаяся;DIN 980А2, А4, Zn. | Доставка 3 дня! ✆ +7 (343) 361 61-31 ✆ +7 (901) 220 02-65 ✆ +7 (902) 87-150-86 ЖМИТЕ!;Купить саморезы, болты, винты, гайки, заклепки, кронштейны, нагель, шайбы, шпильки, nord-lock, крепежи, крепежные изделия, metrix;;
923598052631;;DIN 125;DIN 125 А;Шайбы;DIN 125 Шайба плоская, форма A;;DIN 125 А;https://static.tildacdn.com/stor6338-6464-4862-a239-383366613662/47935913.png;0;;;;;FgUBe8RakCzDFUSsAISC;;;;А2, А4, DP, Zn;;;;;;;;;;;;0;0;0;0;Август | Купить DIN 125 Шайба плоская, форма A;DIN 125 АА2, А4, DP, Zn | Доставка 3 дня! ✆ +7 (343) 361 61-31 ✆ +7 (901) 220 02-65 ✆ +7 (902) 87-150-86 ЖМИТЕ!;Купить саморезы, болты, винты, гайки, заклепки, кронштейны, нагель, шайбы, шпильки, nord-lock, крепежи, крепежные изделия, metrix;;
958820353371;;DIN7991;;Винты;DIN 7991 Винт потайная головка с внутренним шестигранником;;;https://static.tildacdn.com/stor6136-3262-4564-a136-616232303237/70978998.png;0;;;;;F5rnSKNxDIerAphZL1nR;;Для крепления тяжело нагруженных узлов в основании витража.;нет аналогов;A2, DP;М6;;;3,72;SW4;13,44;18;;;;;0;0;0;0;Август | Купить DIN 7991 Винт потайная головка с внутренним шестигранником;А2, А4, DP | Доставка 3 дня! ✆ +7 (343) 361 61-31 ✆ +7 (901) 220 02-65 ✆ +7 (902) 87-150-86 ЖМИТЕ!;Купить саморезы, болты, винты, гайки, заклепки, кронштейны, нагель, шайбы, шпильки, nord-lock, крепежи, крепежные изделия, metrix;;
218890533871;;ККСУ-Н;;Кронштейны;Сварной кронштейн крепления стойки с одним болтокомплектом;;;https://static.tildacdn.com/stor6530-6435-4436-a538-343162396234/74299877.png;0;;;;;3zvcnbMeu5R0Pr58vAJn;;;нет аналогов;Цинк-ламельное покрытие DP, Полимерно-порошковое покрытие;;;;;;;;;;;110, 140, 170, 200, 235, 260, 285;0;0;0;0;Август | Купить Сварной кронштейн крепления стойки с одним болтокомплектом;| Доставка 3 дня! ✆ +7 (343) 361 61-31 ✆ +7 (901) 220 02-65 ✆ +7 (902) 87-150-86 ЖМИТЕ!;Купить саморезы, болты, винты, гайки, заклепки, кронштейны, нагель, шайбы, шпильки, nord-lock, крепежи, крепежные изделия, metrix;;
574956349451;;ККСУ 1/2P - Н,;;Кронштейны;Кронштейн правый;;Коррозионная стойкость и отсутствие контактной коррозии.;https://static.tildacdn.com/stor3336-3639-4732-b833-313935633837/21994477.png;0;;;;;5cDASzJXTo4fjYdS8FFr;;Крепление стойки к монолитной плите;;Цинк-ламельное покрытие DP, Полимерно-порошковое покрытие;;;;;;;;;;;;0;0;0;0;Август | Купить Кронштейн правый;Коррозионная стойкость и отсутствие контактной коррозии. | Доставка 3 дня! ✆ +7 (343) 361 61-31 ✆ +7 (901) 220 02-65 ✆ +7 (902) 87-150-86 ЖМИТЕ!;Купить саморезы, болты, винты, гайки, заклепки, кронштейны, нагель, шайбы, шпильки, nord-lock, крепежи, крепежные изделия, metrix;;
503758018391;;ККСУ 1/2L - H;;Кронштейны;Кронштейн левый;;Коррозионная стойкость и отсутствие контактной коррозии.;https://static.tildacdn.com/stor6363-6635-4666-a531-656662653839/25579934.png;0;;;;;CotmpTIEHSz0ECjGEiJS;;;нет аналогов;Цинк-ламельное покрытие DP, Полимерно-порошковое покрытие;;;;;;;;;;;;0;0;0;0;Август | Купить Кронштейн левый;Коррозионная стойкость и отсутствие контактной коррозии. | Доставка 3 дня! ✆ +7 (343) 361 61-31 ✆ +7 (901) 220 02-65 ✆ +7 (902) 87-150-86 ЖМИТЕ!;Купить саморезы, болты, винты, гайки, заклепки, кронштейны, нагель, шайбы, шпильки, nord-lock, крепежи, крепежные изделия, metrix;;
325765353691;;;;Кронштейны;Дистанционная вставка;;;https://static.tildacdn.com/stor3536-3165-4531-b437-663834613034/92391139.png;0;;;;;TNXytX0Rhp2Sg6TJa4ny;;;нет аналогов;;;;;;;;;;;;;0;0;0;0;;;;;
165460909621;;;;Кронштейны;Болтокомплект;Комплект: втулка-1 шт, болт(933)-1 шт, шайба(9021)-2 шт, гровер(127)-1 шт, гайка(934)-1 шт.;;https://static.tildacdn.com/stor3830-3132-4631-b466-316339643233/23049851.png;0;;;;;3IRiN73m3UnZhCHgctPk;;;нет аналогов;A2, DP;;;;;;;;L1 (длина втулки);40-70;;;0;0;0;0;;;;;
896892887681;;ККСУ-Н;;Кронштейны;Сварной кронштейн крепления стойки с одним болтокомплектом;;;https://static.tildacdn.com/stor3262-6264-4533-a434-333938383366/86015125.png;0;;;;;Ft1M8kUx1kHre9cTrId5;;;нет аналогов;Цинк-ламельное покрытие DP, Полимерно-порошковое покрытие;;;;;;;;;;;110, 140, 170, 200, 235, 260, 285;0;0;0;0;;;;;
138610058041;;ККСУ - Н;;Кронштейны;Сварной кронштейн крепления стойки с двумя болтокомплектами;;;https://static.tildacdn.com/stor3034-3433-4261-b238-626634656534/63924882.png;0;;;;;L1e6bUPep7PACS2AFJMI;;;нет аналогов;Цинк-ламельное покрытие DP, Полимерно-порошковое покрытие;;;;;;;;;;;;0;0;0;0;Август | Купить Сварной кронштейн крепления стойки с двумя болтокомплектами;| Доставка 3 дня! ✆ +7 (343) 361 61-31 ✆ +7 (901) 220 02-65 ✆ +7 (902) 87-150-86 ЖМИТЕ!;Купить саморезы, болты, винты, гайки, заклепки, кронштейны, нагель, шайбы, шпильки, nord-lock, крепежи, крепежные изделия, metrix;;
595039377411;;;;Кронштейны;Комплект крепления стойки;Комплект: втулка-1 шт,винт- 2 шт,шайба полиамид-2 шт;М8х50;https://static.tildacdn.com/stor6266-6362-4236-b935-393335636565/45618300.png;0;;;;;hJSBRn71pvMJiS7hjk3E;;;нет аналогов;A2, DP;;;;;;;;;;L1 (длина втулки);;0;0;0;0;;;;;
428050489331;;DIN 127;DIN127;Шайбы;DIN 127 шайба-гровер;DIN127;DIN127;https://static.tildacdn.com/stor6536-3238-4839-b235-393734306564/99955040.jpg;0;;;;;pCm7JaTS6ARO6peHFySu;;;;A2, A4, DP, Zn;;;;;;;;;;;;;;;;;;;;
991900079781;;DIN 9021;DIN 9021;Шайбы;DIN 9021 Шайба увеличенная;;DIN 9021;https://static.tildacdn.com/stor3463-3530-4263-b662-373638663031/65028019.jpg;0;;;;;nlAIm504iLHYZHRnTm1c;;;;А2, А4, DP, Zn;;;;;;;;;;;;0;0;0;0;;;;;
973868138051;;АРТ 9081;АРТ 9081;Шайбы;арт. 9081 Шайба-розетка полнотелая;;АРТ 9081;https://static.tildacdn.com/stor3362-3438-4734-b165-663235343537/51175965.jpg;0;;;;;kf6omJXkyADpUCJNOZrd;;;;А1, А4;;;;;;;;;;;;0;0;0;0;Август | Купить арт. 9081 Шайба-розетка полнотелая;АРТ 9081 А1, А4 | Доставка 3 дня! ✆ +7 (343) 361 61-31 ✆ +7 (901) 220 02-65 ✆ +7 (902) 87-150-86 ЖМИТЕ!;Купить саморезы, болты, винты, гайки, заклепки, кронштейны, нагель, шайбы, шпильки, nord-lock, крепежи, крепежные изделия, metrix;;
190960286091;;DIN 6331;DIN 934;Гайки;DIN 6331 Гайка шестигранная с фланцем;;DIN 934;https://static.tildacdn.com/stor6330-6433-4661-b763-653530393337/73622005.png;0;;;;;2pbpZGGv4sakaeYJe9ic;;;;А2, А4, Zn;;;;;;;;;;;;0;0;0;0;Август | Купить DIN 6331 Гайка шестигранная с фланцем;DIN 934А2, А4, Zn | Доставка 3 дня! ✆ +7 (343) 361 61-31 ✆ +7 (901) 220 02-65 ✆ +7 (902) 87-150-86 ЖМИТЕ!;Купить саморезы, болты, винты, гайки, заклепки, кронштейны, нагель, шайбы, шпильки, nord-lock, крепежи, крепежные изделия, metrix;;
210003884871;;DIN 986;DIN 934;Гайки;DIN 986 Гайка колпачковая;;DIN 934;https://static.tildacdn.com/stor3930-6334-4234-b538-323633323666/81432153.jpg;0;;;;;OzMoRvNnplihboihhjRs;;;;А2, А4, Zn;;;;;;;;;;;;0;0;0;0;Август | Купить DIN 986 Гайка колпачковая;DIN 934А2, А4, Zn | Доставка 3 дня! ✆ +7 (343) 361 61-31 ✆ +7 (901) 220 02-65 ✆ +7 (902) 87-150-86 ЖМИТЕ!;Купить саморезы, болты, винты, гайки, заклепки, кронштейны, нагель, шайбы, шпильки, nord-lock, крепежи, крепежные изделия, metrix;;
135648488721;;DIN 975;DIN 975;Шпильки;DIN 975 Шпилька резьбовая;;DIN 975;https://static.tildacdn.com/stor3630-3064-4066-b037-383433353939/67791182.jpg;0;;;;;Hs52mN3ih18G3s2JUr2r;;;;А2, DP, Zn;;;;;;;;;;;;0;0;0;0;Август | Купить DIN 975 Шпилька резьбовая;DIN 975А2, DP, Zn | Доставка 3 дня! ✆ +7 (343) 361 61-31 ✆ +7 (901) 220 02-65 ✆ +7 (902) 87-150-86 ЖМИТЕ!;Купить саморезы, болты, винты, гайки, заклепки, кронштейны, нагель, шайбы, шпильки, nord-lock, крепежи, крепежные изделия, metrix;;
920352420351;;DIN6334;DIN 6334;Гайки;DIN 6334 Гайка шестигранная высокая;;DIN 6334;https://static.tildacdn.com/stor6236-6262-4434-b962-303735306564/92695022.jpg;0;;;;;Xp3uI8RDdo8CODSBl9Mn;;;;А1, А4;;;;;;;;;;;;0;0;0;0;Август | Купить DIN 6334 Гайка шестигранная высокая;DIN 6334А1, А4 | Доставка 3 дня! ✆ +7 (343) 361 61-31 ✆ +7 (901) 220 02-65 ✆ +7 (902) 87-150-86 ЖМИТЕ!;Купить саморезы, болты, винты, гайки, заклепки, кронштейны, нагель, шайбы, шпильки, nord-lock, крепежи, крепежные изделия, metrix;;
206337247251;;DIN 916;DIN 916;Винты установочные;DIN 916 Винт установочный с углублением;;DIN 916;https://static.tildacdn.com/stor6636-6538-4238-b766-353462656664/84260872.png;0;;;;;FejJuA7AFNOmo12zxYGb;;;;А1, А4;;;;;;;;;;;;0;0;0;0;Август | Купить DIN 916 Винт установочный с углублением;DIN 916А1, А4 | Доставка 3 дня! ✆ +7 (343) 361 61-31 ✆ +7 (901) 220 02-65 ✆ +7 (902) 87-150-86 ЖМИТЕ!;Купить саморезы, болты, винты, гайки, заклепки, кронштейны, нагель, шайбы, шпильки, nord-lock, крепежи, крепежные изделия, metrix;;
857269847881;;DIN 963;;Винты;DIN 963 Винт потай, прямой шлиц;;;https://static.tildacdn.com/stor3238-3363-4762-a231-396362636133/14151060.jpg;0;;;;;0l8JtsGklBP6Ymup5xOF;;;;A2, A4, DP, Zn;;;;;;;;;;;;0;0;0;0;Август | Купить DIN 963 Винт потай, прямой шлиц;A2, A4, DP, Zn | Доставка 3 дня! ✆ +7 (343) 361 61-31 ✆ +7 (901) 220 02-65 ✆ +7 (902) 87-150-86 ЖМИТЕ!;Купить саморезы, болты, винты, гайки, заклепки, кронштейны, нагель, шайбы, шпильки, nord-lock, крепежи, крепежные изделия, metrix;;
484092742161;;DIN 964;;Винты;DIN 964 Винт полупотай, прямой шлиц;;;https://static.tildacdn.com/stor3134-3936-4661-a237-353263663362/58323245.jpg;0;;;;;ZgYuUKZlr5VRMAVjMYCz;;;;A2, A4, DP, Zn;;;;;;;;;;;;;;;;Август | Купить DIN 964 Винт полупотай, прямой шлиц;A2, A4, Zn | Доставка 3 дня! ✆ +7 (343) 361 61-31 ✆ +7 (901) 220 02-65 ✆ +7 (902) 87-150-86 ЖМИТЕ!;Купить саморезы, болты, винты, гайки, заклепки, кронштейны, нагель, шайбы, шпильки, nord-lock, крепежи, крепежные изделия, metrix;;
910331517981;;DIN 965;;Винты;DIN 965 Винт потай, форма H,Z;;;https://static.tildacdn.com/stor3366-3933-4632-b165-383230643235/30236746.jpg;0;;;;;Y6JyV1NUvFhbnIR5p67h;;;;A2, A4, DP, Zn;;;;;;;;;;;;;;;;Август | Купить DIN 965 Винт потай, форма H,Z;A2, A4,Zn | Доставка 3 дня! ✆ +7 (343) 361 61-31 ✆ +7 (901) 220 02-65 ✆ +7 (902) 87-150-86 ЖМИТЕ!;Купить саморезы, болты, винты, гайки, заклепки, кронштейны, нагель, шайбы, шпильки, nord-lock, крепежи, крепежные изделия, metrix;;
896977421591;;DIN 966;;Винты;DIN 966 Винт полупотай, форма H,Z;;;https://static.tildacdn.com/stor3731-6465-4236-a365-663164303133/70426405.png;0;;;;;CktauCdtVNO7nDA4anYv;;;;A2, A4, DP, Zn;;;;;;;;;;;;;;;;Август | Купить DIN 966 Винт полупотай, форма H,Z;A2, A4,Zn | Доставка 3 дня! ✆ +7 (343) 361 61-31 ✆ +7 (901) 220 02-65 ✆ +7 (902) 87-150-86 ЖМИТЕ!;Купить саморезы, болты, винты, гайки, заклепки, кронштейны, нагель, шайбы, шпильки, nord-lock, крепежи, крепежные изделия, metrix;;
702935272121;;DIN 6912;;Винты;DIN 6912 Винт цилиндрическая низкая голова, с направляющей под ключ;;;https://static.tildacdn.com/stor3566-3430-4433-b236-343634373434/36401854.jpg;0;;;;;VI2kgliVILXADdn1AH1d;;;;A2, A4, DP, Zn;;;;;;;;;;;;0;0;0;0;Август | Купить DIN 6912 Винт цилиндрическая низкая голова, с направляющей под ключ;A2, A4, DP, Zn | Доставка 3 дня! ✆ +7 (343) 361 61-31 ✆ +7 (901) 220 02-65 ✆ +7 (902) 87-150-86 ЖМИТЕ!;Купить саморезы, болты, винты, гайки, заклепки, кронштейны, нагель, шайбы, шпильки, nord-lock, крепежи, крепежные изделия, metrix;;
150715788961;;DIN 6921;;Винты;DIN 6921 Винт шестигранник, с фланцем;;;https://static.tildacdn.com/stor3730-6266-4661-b131-366233333765/71024237.jpg;0;;;;;kO5bmn6h3IFJ02RvxmRd;;;;A2, A4, DP, Zn;;;;;;;;;;;;0;0;0;0;Август | Купить DIN 6921 Винт шестигранник, с фланцем;A2, A4, DP, Zn | Доставка 3 дня! ✆ +7 (343) 361 61-31 ✆ +7 (901) 220 02-65 ✆ +7 (902) 87-150-86 ЖМИТЕ!;Купить саморезы, болты, винты, гайки, заклепки, кронштейны, нагель, шайбы, шпильки, nord-lock, крепежи, крепежные изделия, metrix;;
454019241931;;DIN 7984;;Винты;DIN 7984 Винт цилиндрический низкая голова, внутренний шестигранник;;;https://static.tildacdn.com/stor6161-3365-4236-a461-666661326435/55722274.jpg;0;;;;;o5K5Dv1aZC6zJRfP1SDJ;;;;A2, A4, DP, Zn;;;;;;;;;;;;0;0;0;0;Август | Купить DIN 7984 Винт цилиндрический низкая голова, внутренний шестигранник;A2, A4, DP, Zn | Доставка 3 дня! ✆ +7 (343) 361 61-31 ✆ +7 (901) 220 02-65 ✆ +7 (902) 87-150-86 ЖМИТЕ!;Купить саморезы, болты, винты, гайки, заклепки, кронштейны, нагель, шайбы, шпильки, nord-lock, крепежи, крепежные изделия, metrix;;
272407388641;;DIN 7985;;Винты;DIN 7985 Винт полукруглая голова, форма H,Z;;;https://static.tildacdn.com/stor6336-3035-4564-b231-653531663234/59809732.png;0;;;;;5CloiHDFEKFzC2Kt63ZD;;;;A2, A4, DP, Zn;;;;;;;;;;;;0;0;0;0;Август | Купить DIN 7985 Винт полукруглая голова, форма H,Z;A2, A4, DP, Zn | Доставка 3 дня! ✆ +7 (343) 361 61-31 ✆ +7 (901) 220 02-65 ✆ +7 (902) 87-150-86 ЖМИТЕ!;Купить саморезы, болты, винты, гайки, заклепки, кронштейны, нагель, шайбы, шпильки, nord-lock, крепежи, крепежные изделия, metrix;;
766884255531;;арт. 9051;;Винты;арт. 9056 Винт полусфера, прямой шлиц;;;https://static.tildacdn.com/stor3832-6561-4534-b634-393937363038/24517113.jpg;0;;;;;OkrLSNg3MMJshnYsfOfb;;;;A2, A4, DP, Zn;;;;;;;;;;;;0;0;0;0;Август | Купить арт. 9056 Винт полусфера, прямой шлиц;A2, A4, DP, Zn | Доставка 3 дня! ✆ +7 (343) 361 61-31 ✆ +7 (901) 220 02-65 ✆ +7 (902) 87-150-86 ЖМИТЕ!;Купить саморезы, болты, винты, гайки, заклепки, кронштейны, нагель, шайбы, шпильки, nord-lock, крепежи, крепежные изделия, metrix;;
506773837891;;арт. 9084;;Винты;арт. 9084 Винт полусфера с фланцем, внутренним шестигранником;;Аналог: ИСО 7380-2;https://static.tildacdn.com/stor3366-6531-4231-b538-326365326462/28802149.jpg;0;;;;;C2HnvMGxzHbJ6TTE7G6Z;;;;A2, A4, DP, Zn;;;;;;;;;;;;0;0;0;0;Август | Купить арт. 9084 Винт полусфера с фланцем, внутренним шестигранником;Аналог: ИСО 7380-2A2, A4, DP, Zn | Доставка 3 дня! ✆ +7 (343) 361 61-31 ✆ +7 (901) 220 02-65 ✆ +7 (902) 87-150-86 ЖМИТЕ!;Купить саморезы, болты, винты, гайки, заклепки, кронштейны, нагель, шайбы, шпильки, nord-lock, крепежи, крепежные изделия, metrix;;
248018844011;;арт. 9053;;Винты;арт. 9053 Винт полусфера с внутренним шестигранником;;Аналог: ИСО 7380;https://static.tildacdn.com/stor6330-6130-4334-b763-343965373932/34347026.jpg;0;;;;;33fSURHVis5OhHz8bvsc;;;;A2, A4, DP, Zn;;;;;;;;;;;;0;0;0;0;Август | Купить арт. 9053 Винт полусфера с внутренним шестигранником;Аналог: ИСО 7380A2, A4, DP, Zn | Доставка 3 дня! ✆ +7 (343) 361 61-31 ✆ +7 (901) 220 02-65 ✆ +7 (902) 87-150-86 ЖМИТЕ!;Купить саморезы, болты, винты, гайки, заклепки, кронштейны, нагель, шайбы, шпильки, nord-lock, крепежи, крепежные изделия, metrix;;
607494712381;;DIN 85;;Винты;DIN 85 Винт цилиндрический, прямой шлиц;;;https://static.tildacdn.com/stor6137-3061-4135-a265-366564653161/11968574.jpg;0;;;;;psAMK9nNtklPVipSy1k5;;;;A2, A4, DP, Zn;;;;;;;;;;;;0;0;0;0;Август | Купить DIN 85 Винт цилиндрический, прямой шлиц;A2, A4, DP, Zn | Доставка 3 дня! ✆ +7 (343) 361 61-31 ✆ +7 (901) 220 02-65 ✆ +7 (902) 87-150-86 ЖМИТЕ!;Купить саморезы, болты, винты, гайки, заклепки, кронштейны, нагель, шайбы, шпильки, nord-lock, крепежи, крепежные изделия, metrix;;
977380696001;;DIN 917;DIN 917;Гайки;DIN 917 Гайка колпачковая низкая;;DIN 917;https://static.tildacdn.com/stor3533-3738-4033-b563-383236636135/94656663.jpg;0;;;;;dC3PAtFv8pHX3gDaFd9s;;;;А2, А4, Zn;;;;;;;;;;;;0;0;0;0;Август | Купить DIN 917 Гайка колпачковая низкая;DIN 917А2, А4, Zn | Доставка 3 дня! ✆ +7 (343) 361 61-31 ✆ +7 (901) 220 02-65 ✆ +7 (902) 87-150-86 ЖМИТЕ!;Купить саморезы, болты, винты, гайки, заклепки, кронштейны, нагель, шайбы, шпильки, nord-lock, крепежи, крепежные изделия, metrix;;
958184439341;;DIN 935;DIN 935;Гайки;DIN 935 Гайка корончатая;;DIN 935;https://static.tildacdn.com/stor3864-3166-4038-b835-333466643361/61932553.jpg;0;;;;;xoRl8yG6AbcjltjeHj7C;;;;А2, А4, Zn;;;;;;;;;;;;0;0;0;0;Август | Купить DIN 935 Гайка корончатая;DIN 935А2, А4, Zn | Доставка 3 дня! ✆ +7 (343) 361 61-31 ✆ +7 (901) 220 02-65 ✆ +7 (902) 87-150-86 ЖМИТЕ!;Купить саморезы, болты, винты, гайки, заклепки, кронштейны, нагель, шайбы, шпильки, nord-lock, крепежи, крепежные изделия, metrix;;
207747246051;;DIN 982;DIN 982;Гайки;DIN 982 Гайка самоконтрящаяся (высокая);;DIN 982;https://static.tildacdn.com/stor3935-6338-4464-b364-353637316330/37823362.jpg;0;;;;;Ojv2fDtmIKXkMaHHV6fH;;;;А2, А4, Zn;;;;;;;;;;;;0;0;0;0;Август | Купить DIN 982 Гайка самоконтрящаяся (высокая);DIN 982А2, А4, Zn | Доставка 3 дня! ✆ +7 (343) 361 61-31 ✆ +7 (901) 220 02-65 ✆ +7 (902) 87-150-86 ЖМИТЕ!;Купить саморезы, болты, винты, гайки, заклепки, кронштейны, нагель, шайбы, шпильки, nord-lock, крепежи, крепежные изделия, metrix;;
618549965121;;DIN 1473;;Штифты;Дин 1473 Штифт цилиндрический,с насечками;;;https://static.tildacdn.com/stor6163-6633-4366-a566-643233613036/13967852.jpg;0;;;;;nMdrMCNUg7zVaixKk7Pm;;;;A2, A4, DP, Zn;;;;;;;;;;;;0;0;0;0;Август | Купить Дин 1473 Штифт цилиндрический,с насечками;A2, A4, DP, Zn | Доставка 3 дня! ✆ +7 (343) 361 61-31 ✆ +7 (901) 220 02-65 ✆ +7 (902) 87-150-86 ЖМИТЕ!;Купить саморезы, болты, винты, гайки, заклепки, кронштейны, нагель, шайбы, шпильки, nord-lock, крепежи, крепежные изделия, metrix;;
701851777891;;DIN 1476;;Штифты;Дин 1476 Штифт цилиндрический,с насечками,полусфера;;;https://static.tildacdn.com/stor6435-3133-4366-b436-356335383134/59829556.jpg;0;;;;;LNcpIe28F3aZHDN4ABS2;;;;A2, A4, DP, Zn;;;;;;;;;;;;0;0;0;0;Август | Купить Дин 1476 Штифт цилиндрический,с насечками,полусфера;A2, A4, DP, Zn | Доставка 3 дня! ✆ +7 (343) 361 61-31 ✆ +7 (901) 220 02-65 ✆ +7 (902) 87-150-86 ЖМИТЕ!;Купить саморезы, болты, винты, гайки, заклепки, кронштейны, нагель, шайбы, шпильки, nord-lock, крепежи, крепежные изделия, metrix;;
377028273231;;DIN 1481;;Штифты;Дин 1481 Штифт распорный,тяжелое исполнение;;;https://static.tildacdn.com/stor6336-3939-4832-a232-343261323636/94474206.jpg;0;;;;;BVSk084iezIoVj2UR5k0;;;;A2, A4, DP, Zn;;;;;;;;;;;;0;0;0;0;Август | Купить Дин 1481 Штифт распорный,тяжелое исполнение;A2, A4, DP, Zn | Доставка 3 дня! ✆ +7 (343) 361 61-31 ✆ +7 (901) 220 02-65 ✆ +7 (902) 87-150-86 ЖМИТЕ!;Купить саморезы, болты, винты, гайки, заклепки, кронштейны, нагель, шайбы, шпильки, nord-lock, крепежи, крепежные изделия, metrix;;
148848262811;;DIN 1587;DIN 1587;Гайки;DIN 1587 Гайка колпачковая,высокая;;DIN 1587;https://static.tildacdn.com/stor3532-6661-4864-b730-666431626164/86854712.png;0;;;;;SlmkRaaeXLYDxu36jkKH;;;;А2, А4, Zn;;;;;;;;;;;;0;0;0;0;Август | Купить DIN 1587 Гайка колпачковая,высокая;DIN 1587А2, А4, Zn | Доставка 3 дня! ✆ +7 (343) 361 61-31 ✆ +7 (901) 220 02-65 ✆ +7 (902) 87-150-86 ЖМИТЕ!;Купить саморезы, болты, винты, гайки, заклепки, кронштейны, нагель, шайбы, шпильки, nord-lock, крепежи, крепежные изделия, metrix;;
392306104311;;DIN 6796;DIN 6796;Шайбы;DIN 6796 Шайба зажимная,пружинная;;DIN 6796;https://static.tildacdn.com/stor6130-3635-4535-a130-323839363562/92713965.jpg;0;;;;;eI585XmX8vkkTdLI7rx5;;;;А2, А4;;;;;;;;;;;;0;0;0;0;Август | Купить DIN 6796 Шайба зажимная,пружинная;DIN 6796А2, А4 | Доставка 3 дня! ✆ +7 (343) 361 61-31 ✆ +7 (901) 220 02-65 ✆ +7 (902) 87-150-86 ЖМИТЕ!;Купить саморезы, болты, винты, гайки, заклепки, кронштейны, нагель, шайбы, шпильки, nord-lock, крепежи, крепежные изделия, metrix;;
225038231751;;DIN 6797;DIN 6797;Шайбы;DIN 6797 Шайба зубчатая,форма А и J;;DIN 6797;https://static.tildacdn.com/stor3231-3561-4238-a661-393437346261/84480238.jpg;0;;;;;jyPSseOcuM07YD0S57hB;;;;А2, А4;;;;;;;;;;;;0;0;0;0;Август | Купить DIN 6797 Шайба зубчатая,форма А и J;DIN 6797А2, А4 | Доставка 3 дня! ✆ +7 (343) 361 61-31 ✆ +7 (901) 220 02-65 ✆ +7 (902) 87-150-86 ЖМИТЕ!;Купить саморезы, болты, винты, гайки, заклепки, кронштейны, нагель, шайбы, шпильки, nord-lock, крепежи, крепежные изделия, metrix;;
465818779501;;DIN 6798;DIN 6798;Шайбы;DIN 6798 Шайба зубчатая;;DIN 6798;https://static.tildacdn.com/stor6237-3862-4236-b934-656233363539/96611178.jpg;0;;;;;n0ihvfXZsfycXMLBCLfo;;;;А2, А4;;;;;;;;;;;;0;0;0;0;Август | Купить DIN 6798 Шайба зубчатая;DIN 6798А2, А4 | Доставка 3 дня! ✆ +7 (343) 361 61-31 ✆ +7 (901) 220 02-65 ✆ +7 (902) 87-150-86 ЖМИТЕ!;Купить саморезы, болты, винты, гайки, заклепки, кронштейны, нагель, шайбы, шпильки, nord-lock, крепежи, крепежные изделия, metrix;;
312681802331;;DIN 7343;;Штифты;Дин 7343 Штифт пружинный спиральный;;;https://static.tildacdn.com/stor3531-3232-4037-a234-303138396335/31158881.jpg;0;;;;;n5aYgIaYKACHDg6TJlty;;;;A2, A4, DP, Zn;;;;;;;;;;;;0;0;0;0;Август | Купить Дин 7343 Штифт пружинный спиральный;A2, A4, DP, Zn | Доставка 3 дня! ✆ +7 (343) 361 61-31 ✆ +7 (901) 220 02-65 ✆ +7 (902) 87-150-86 ЖМИТЕ!;Купить саморезы, болты, винты, гайки, заклепки, кронштейны, нагель, шайбы, шпильки, nord-lock, крепежи, крепежные изделия, metrix;;
116643492101;;DIN 7983;DIN 7983;Саморезы;DIN 7983 Саморез полупотай,остроконечный;;DIN 7983;https://static.tildacdn.com/stor6463-3266-4137-b639-383134663666/47338905.jpg;0;;;;;l3AEhaH7RHnMD6JaRsHZ;;;;А2;;;;;;;;;;;;0;0;0;0;;;;;
769476993681;;Арт 9051;Арт 9051;Саморезы;Арт 9051 Саморез,с внутренним шестигранником;;Арт 9051;https://static.tildacdn.com/stor3132-3331-4865-a465-383065663233/11527070.png;0;;;;;jUulG6gkFU5XVjaPioJn;;;;А2;;;;;;;;;;;;0;0;0;0;;;;;
518956291941;;АРТ 1021;;Заклепки;АРТ 1021 Заклёпка - гайка;;;https://static.tildacdn.com/stor6334-6539-4635-b537-653738376439/95344225.jpg;0;;;;;7n04c77IeaDPfpehRTHb;;Крепление вентилируемых фасадов;;A2;4;;;;;;;;;;;0;0;0;0;;;;;
743964247451;;АРТ 1025;;Заклепки;АРТ 1025 Заклёпка - гайка,стандарт;;;https://static.tildacdn.com/stor6562-6632-4364-b035-643765306662/34659817.jpg;0;;;;;VRrjjBxSJkkbxnTSSbLp;;Крепление вентилируемых фасадов;;A2;4;;;;;;;;;;;0;0;0;0;Август | Купить АРТ 1025 Заклёпка - гайка,стандарт;А2 | Доставка 3 дня! ✆ +7 (343) 361 61-31 ✆ +7 (901) 220 02-65 ✆ +7 (902) 87-150-86 ЖМИТЕ!;Купить саморезы, болты, винты, гайки, заклепки, кронштейны, нагель, шайбы, шпильки, nord-lock, крепежи, крепежные изделия, metrix;;
831529737381;;АРТ 1023;;Заклепки;АРТ 1023 Заклёпка - гайка,потай;;;https://static.tildacdn.com/stor6637-3833-4531-b961-383762353261/71412286.jpg;0;;;;;F888dXmkKxiGSsc3Icoi;;Крепление вентилируемых фасадов;;A2;4;;;;;;;;;;;0;0;0;0;Август | Купить АРТ 1023 Заклёпка - гайка,потай;А2 | Доставка 3 дня! ✆ +7 (343) 361 61-31 ✆ +7 (901) 220 02-65 ✆ +7 (902) 87-150-86 ЖМИТЕ!;Купить саморезы, болты, винты, гайки, заклепки, кронштейны, нагель, шайбы, шпильки, nord-lock, крепежи, крепежные изделия, metrix;;
335597971651;;АРТ 1027;;Заклепки;АРТ 1027 Заклёпка - гайка,потай шестигранник;;;https://static.tildacdn.com/stor6431-3332-4439-b232-613636343238/94043705.jpg;0;;;;;LGNmslcaj6xBV1KfmkRX;;Крепление вентилируемых фасадов;;A2;4;;;;;;;;;;;0;0;0;0;Август | Купить АРТ 1027 Заклёпка - гайка,потай шестигранник;А2 | Доставка 3 дня! ✆ +7 (343) 361 61-31 ✆ +7 (901) 220 02-65 ✆ +7 (902) 87-150-86 ЖМИТЕ!;Купить саморезы, болты, винты, гайки, заклепки, кронштейны, нагель, шайбы, шпильки, nord-lock, крепежи, крепежные изделия, metrix;;
741183050521;;DIN 912;;Винты;DIN 912 Винт цилиндрический с внутренним шестигранником;;;https://static.tildacdn.com/stor3661-3634-4538-a435-383165313065/68734065.jpg;0;;;;;B9Dj3KmlvKtvaKRUyXuZ;;;;A2, A4, DP, Zn;;;;;;;;;;;;0;0;0;0;Август | Купить DIN 912 Винт цилиндрический с внутренним шестигранником;A2, A4, DP, Zn | Доставка 3 дня! ✆ +7 (343) 361 61-31 ✆ +7 (901) 220 02-65 ✆ +7 (902) 87-150-86 ЖМИТЕ!;Купить саморезы, болты, винты, гайки, заклепки, кронштейны, нагель, шайбы, шпильки, nord-lock, крепежи, крепежные изделия, metrix;;
